noise_level,spearman_rank_correlation
0.05,0.989010989010989
0.1,0.9780219780219779
0.15,0.9615384615384615
0.2,0.8681318681318682
0.25,0.8681318681318682
0.3,0.7582417582417583
0.35,0.6868131868131868
0.4,0.5879120879120878
0.45,0.4945054945054945
0.5,0.4945054945054945
0.6,0.4945054945054945
0.7,0.4835164835164835
0.8,0.42857142857142855
