noise_level,spearman_rank_correlation
0.0,1.0
0.05,0.9395604395604396
0.1,0.945054945054945
0.15,0.9395604395604396
0.2,0.9395604395604396
0.25,0.9505494505494506
0.3,0.9725274725274725
0.35,0.9505494505494506
0.4,0.9615384615384615
0.45,0.967032967032967
0.5,0.8791208791208791
0.6,0.8021978021978022
0.7,0.7747252747252747
0.8,0.8406593406593407
